"id_cliente","nombre","email","pais"
1,"João da Silva","joao.silva@gmail.com","Brasil"
2,"Pedro Souza","pedro.souza@hotmail.com","Brasil"
3,"Lucas Ferreira","lucas.ferreira@yahoo.com","Brasil"
4,"Carlos Alves","carlos.alves@outlook.com","Brasil"
5,"Gabriel Rocha","gabriel.rocha@hotmail.com","Brasil"
6,"Rodrigo Ramos","rodrigo.ramos@yahoo.com","Brasil"
7,"Rafael Barros","rafael.barros@gmail.com","Brasil"
8,"Thiago Martins","thiago.martins@gmail.com","Brasil"
9,"Bruno Silva","bruno.silva@yahoo.com.br","Brasil"
10,"Renato Moreira","renato.moreira@gmail.com","Brasil"
11,"Victor Oliveira","victor.oliveira@gmail.com","Brasil"
12,"Felipe Castro","felipe.castro@yahoo.com.br","Brasil"
13,"Rafael Lima","rafael.lima@hotmail.com","Brasil"
14,"Fábio Santos","fabio.santos@gmail.com","Brasil"
15,"André Rocha","andre.rocha@gmail.com","Brasil"
16,"Fernando Ribeiro","fernando.ribeiro@gmail.com","Brasil"
17,"Guilherme Souza","guilherme.souza@gmail.com","Brasil"
18,"Tatiana Silva","tatiana.silva@gmail.com","Brasil"
19,"Cintia Nunes","cintia.nunes@hotmail.com","Brasil"
20,"Amanda Silva","amanda.silva@outlook.com","Brasil"
21,"Alessandra Mendes","alessandra.mendes@yahoo.com.br","Brasil"
22,"Adriana Pereira","adriana.pereira@hotmail.com","Brasil"
23,"Jessica Barros","jessica.barros@outlook.com","Brasil"
24,"Carolina Castro","carolina.castro@gmail.com","Brasil"
25,"Vanessa Araujo","vanessa.araujo@gmail.com","Brasil"
26,"Camila Santos","camila.santos@gmail.com","Brasil"
27,"Thiago Souza","thiago.souza@gmail.com","Brasil"
28,"Gustavo Costa","gustavo.costa@gmail.com","Brasil"
29,"Ricardo Barros","ricardo.barros@hotmail.com","Brasil"
30,"Paulo Cardoso","paulo.cardoso@outlook.com","Brasil"
31,"Luciano Souza","luciano.souza@gmail.com","Brasil"
32,"Rodrigo Lima","rodrigo.lima@gmail.com","Brasil"
33,"Renato Ferreira","renato.ferreira@hotmail.com","Brasil"
34,"Vitor Santos","vitor.santos@gmail.com","Brasil"
35,"João Pereira","joao.pereira@hotmail.com","Brasil"
36,"André Souza","andre.souza@yahoo.com.br","Brasil"
37,"Carlos Ribeiro","carlos.ribeiro@gmail.com","Brasil"
38,"Felipe Rocha","felipe.rocha@hotmail.com","Brasil"
39,"Renata Silva","renata.silva@yahoo.com.br","Brasil"
40,"Tatiana Barros","tatiana.barros@gmail.com","Brasil"
41,"Rafael Costa","rafael.costa@gmail.com","Brasil"
42,"Paulo Mendes","paulo.mendes@gmail.com","Brasil"
43,"Fernando Araujo","fernando.araujo@hotmail.com","Brasil"
44,"Roberta Santos","roberta.santos@gmail.com","Brasil"
45,"Bianca Pereira","bianca.pereira@gmail.com","Brasil"
46,"Maria Oliveira","maria.oliveira@yahoo.com.br","Brasil"
47,"Ana Costa","ana.costa@gmail.com","Brasil"
48,"Mariana Pereira","mariana.pereira@gmail.com","Brasil"
49,"Fernanda Lima","fernanda.lima@gmail.com","Brasil"
50,"Juliana Mendes","juliana.mendes@gmail.com","Brasil"
51,"Paula Duarte","paula.duarte@hotmail.com","Brasil"
52,"Camila Cardoso","camila.cardoso@outlook.com","Brasil"
53,"Isabela Fernandes","isabela.fernandes@gmail.com","Brasil"
54,"Leticia Correia","leticia.correia@hotmail.com","Brasil"
55,"Patricia Gomes","patricia.gomes@outlook.com","Brasil"
56,"Larissa Andrade","larissa.andrade@gmail.com","Brasil"
57,"Beatriz Araujo","beatriz.araujo@gmail.com","Brasil"
58,"Bruna Mendes","bruna.mendes@yahoo.com.br","Brasil"
59,"Cláudia Almeida","claudia.almeida@outlook.com","Brasil"
60,"Carla Martins","carla.martins@hotmail.com","Brasil"
61,"Aline Gonçalves","aline.goncalves@yahoo.com.br","Brasil"
62,"Marcelo Alves","marcelo.alves@outlook.com","Brasil"
63,"Leonardo Ferreira","leonardo.ferreira@yahoo.com.br","Brasil"
64,"Danilo Oliveira","danilo.oliveira@gmail.com","Brasil"
65,"Roberto Costa","roberto.costa@gmail.com","Brasil"
66,"Ricardo Lima","ricardo.lima@gmail.com","Brasil"
67,"Mateus Rocha","mateus.rocha@gmail.com","Brasil"
68,"Eduardo Souza","eduardo.souza@gmail.com","Brasil"
69,"Vinicius Almeida","vinicius.almeida@hotmail.com","Brasil"
70,"Rafael Duarte","rafael.duarte@yahoo.com.br","Brasil"
71,"Joana Lima","joana.lima@hotmail.com","Brasil"
72,"Bárbara Andrade","barbara.andrade@outlook.com","Brasil"
73,"Livia Mendes","livia.mendes@yahoo.com.br","Brasil"
74,"Ana Santos","ana.santos@gmail.com","Brasil"
75,"Gabriela Silva","gabriela.silva@hotmail.com","Brasil"
76,"Viviane Pereira","viviane.pereira@yahoo.com.br","Brasil"
77,"Sabrina Rocha","sabrina.rocha@outlook.com","Brasil"
78,"Claudia Araujo","claudia.araujo@gmail.com","Brasil"
79,"Raquel Duarte","raquel.duarte@yahoo.com.br","Brasil"
80,"Patricia Lima","patricia.lima@gmail.com","Brasil"
81,"Monica Mendes","monica.mendes@gmail.com","Brasil"
82,"Marcela Andrade","marcela.andrade@outlook.com","Brasil"
83,"Marcos Santos","marcos.santos@gmail.com","Brasil"
84,"Bruno Pereira","bruno.pereira@hotmail.com","Brasil"
85,"Eduardo Lima","eduardo.lima@yahoo.com.br","Brasil"
86,"Mariana Souza","mariana.souza@hotmail.com","Brasil"
87,"Juliana Lima","juliana.lima@yahoo.com.br","Brasil"
88,"Larissa Silva","larissa.silva@outlook.com","Brasil"
89,"Marcelo Cardoso","marcelo.cardoso@hotmail.com","Brasil"
90,"Gustavo Oliveira","gustavo.oliveira@yahoo.com.br","Brasil"
91,"Max Mustermann","max.mustermann@example.com","Alemania"
92,"Erika Mustermann","erika.mustermann@example.com","Alemania"
93,"Hans Müller","hans.mueller@example.com","Alemania"
94,"Anna Schmidt","anna.schmidt@example.com","Alemania"
95,"Peter Weber","peter.weber@example.com","Alemania"
96,"Julia Becker","julia.becker@example.com","Alemania"
97,"Thomas Meyer","thomas.meyer@example.com","Alemania"
98,"Clara Hoffmann","clara.hoffmann@example.com","Alemania"
99,"Felix Schulz","felix.schulz@example.com","Alemania"
100,"Sophie Braun","sophie.braun@example.com","Alemania"
101,"Maximilian Fischer","maximilian.fischer@example.com","Alemania"
102,"Laura Zimmermann","laura.zimmermann@example.com","Alemania"
103,"Tim Neumann","tim.neumann@example.com","Alemania"
104,"Emma Richter","emma.richter@example.com","Alemania"
105,"Mia Schmitt","mia.schmitt@example.com","Alemania"
106,"Leon Schneider","leon.schneider@example.com","Alemania"
107,"Nina Wolff","nina.wolff@example.com","Alemania"
108,"Paul Zimmer","paul.zimmer@example.com","Alemania"
109,"Marie Krüger","marie.krueger@example.com","Alemania"
110,"Johannes Schwarz","johannes.schwarz@example.com","Alemania"
111,"Leonie Fischer","leonie.fischer@gmail.com","Alemania"
112,"Sophie Albrecht","sophie.albrecht@yahoo.de","Alemania"
113,"Karl Weiss","karl.weiss@hotmail.de","Alemania"
114,"Matthias König","matthias.koenig@gmail.com","Alemania"
115,"Melanie Schwarz","melanie.schwarz@gmail.com","Alemania"
116,"Daniela Meyer","daniela.meyer@hotmail.de","Alemania"
117,"Julia Fischer","julia.fischer@yahoo.de","Alemania"
118,"Felix Schneider","felix.schneider@gmail.com","Alemania"
119,"Johanna Peters","johanna.peters@hotmail.de","Alemania"
120,"Julian Müller","julian.mueller@gmail.com","Alemania"
121,"Lisa Keller","lisa.keller@yahoo.de","Alemania"
122,"Ralf Richter","ralf.richter@hotmail.de","Alemania"
123,"Florian Beck","florian.beck@gmail.com","Alemania"
124,"Nina Neumann","nina.neumann@gmail.com","Alemania"
125,"Oskar Fischer","oskar.fischer@yahoo.de","Alemania"
126,"Tim Meyer","tim.meyer@hotmail.de","Alemania"
127,"Clara Schwarz","clara.schwarz@gmail.com","Alemania"
128,"Tanja Peters","tanja.peters@outlook.de","Alemania"
129,"Torsten Braun","torsten.braun@gmail.com","Alemania"
130,"Anke Müller","anke.mueller@yahoo.de","Alemania"
131,"Lena Vogel","lena.vogel@hotmail.de","Alemania"
132,"Simon Weber","simon.weber@gmail.com","Alemania"
133,"Nora Zimmermann","nora.zimmermann@gmail.com","Alemania"
134,"Leonard Hartmann","leonard.hartmann@yahoo.de","Alemania"
135,"Elena Krause","elena.krause@hotmail.de","Alemania"
136,"Bastian Schulz","bastian.schulz@gmail.com","Alemania"
137,"Mia Roth","mia.roth@yahoo.de","Alemania"
138,"Jan Becker","jan.becker@hotmail.de","Alemania"
139,"Luca Wagner","luca.wagner@gmail.com","Alemania"
140,"Paula Lange","paula.lange@yahoo.de","Alemania"
141,"Maximilian Klein","maximilian.klein@hotmail.de","Alemania"
142,"Hannah Schmitt","hannah.schmitt@gmail.com","Alemania"
143,"David Schneider","david.schneider@yahoo.de","Alemania"
144,"Sara Meier","sara.meier@hotmail.de","Alemania"
145,"Felix Braun","felix.braun@gmail.com","Alemania"
146,"Laura Hofmann","laura.hofmann@yahoo.de","Alemania"
147,"Paul Krüger","paul.krueger@hotmail.de","Alemania"
148,"Lisa Schmidt","lisa.schmidt@gmail.com","Alemania"
149,"Jonas Lange","jonas.lange@yahoo.de","Alemania"
150,"Anna Wolf","anna.wolf@hotmail.de","Alemania"
151,"Hanna Böhm","hanna.boehm@example.de","Alemania"
152,"Anne Beyer","anne.beyer@example.de","Alemania"
153,"Leonie Schmidt","leonie.schmidt@example.de","Alemania"
154,"Lucas Wulf","lucas.wulf@example.de","Alemania"
155,"Fiona Kraus","fiona.kraus@example.de","Alemania"
156,"Maximilian Kunz","maximilian.kunz@example.de","Alemania"
157,"Ben Kai34ser","ben.kaiser@example.de","Alemania"
158,"Melina Wolff","melina.wolff@example.de","Alemania"
159,"jean dupont","jean.dupont@email.com","France"
160,"marie curie","marie.curie@email.com","France"
161,"pierre martin","pierre.martin@email.com","France"
162,"sophie laurent","sophie.laurent@email.com","France"
163,"louis leclerc","louis.leclerc@email.com","France"
164,"clara moreau","clara.moreau@email.com","France"
165,"nicolas petit","nicolas.petit@email.com","France"
166,"emma bernard","emma.bernard@email.com","France"
167,"julien leroy","julien.leroy@email.com","France"
168,"alice girard","alice.girard@email.com","France"
169,"maxime dubois","maxime.dubois@email.com","France"
170,"célia fournier","celia.fournier@email.com","France"
171,"antoine mercier","antoine.mercier@email.com","France"
172,"léa rousseau","lea.rousseau@email.com","France"
173,"victor gauthier","victor.gauthier@email.com","France"
174,"louise lefevre","louise.lefevre@email.com","France"
175,"juliette simon","juliette.simon@email.com","France"
176,"gabriel lambert","gabriel.lambert@email.com","France"
177,"chloé fontaine","chloe.fontaine@email.com","France"
178,"émile roche","emile.roche@email.com","France"
179,"paul marchand","paul.marchand@email.com","France"
180,"inès blanchard","ines.blanchard@email.com","France"
181,"élodie caron","elodie.caron@email.com","France"
182,"simon morel","simon.morel@email.com","France"
183,"alice perrin","alice.perrin@email.com","France"
184,"juan pérez","juan.perez@gmail.com","Liberia"
185,"andrea fernández","andrea.fernandez@yahoo.com","Liberia"
186,"luis rodríguez","luis.rodriguez@hotmail.com","Liberia"
187,"pedro gómez","pedro.gomezz@hotmail.com","Liberia"
188,"maría torres","maria.torres@outlook.com","Liberia"
189,"carlos castillo","carloscastillo@hotmail.com","Liberia"
190,"sofía ramírez","sofia.ramirez@yahoo.com","Liberia"
191,"carla herrera","martin.herrera@hotmail.com","Liberia"
192,"paula martínez","paulamartinez@hotmail.com","Liberia"
193,"diego gonzales","diego.chavez@yahoo.com","Liberia"
194,"carmen sánchez","carmen.sanchez@gmail.com","Liberia"
195,"cert lópez","felipe.lopez@outlook.com","Liberia"
196,"lorena aguilar","lorena.aguilar@yahoo.com","Liberia"
197,"andrés gonzales","andres.gonzales@pentaho.com","Liberia"
198,"daniela mendoza","daniela.mendoza@outlook.com","Liberia"
199,"hugo medina","hugo.medina@gmail.com","Liberia"
200,"valeria morales","valriamorales@gmail.com","Liberia"
201,"joaquín soto","joaquin.soto@yahoo.com","Liberia"
202,"victoria guzmán","victoria.guzman@gmail.com","Liberia"
203,"fernando silva","fernando.silva@outlook.com","Liberia"
204,"humbert ortiz","alejandra.ortiz@gmail.com","Liberia"
205,"pablo delgado","pablo.delgado@hotmail.com","Liberia"
206,"mónica ríos","monica.rios@yahoo.com","Liberia"
207,"santiago lopez","santiago.castro@gmail.com","Liberia"
208,"julia vega","juliavega@gmail.com","Liberia"
209,"john doe","johndoe@example.com","Liberia"
210,"jane smith","janesmith@hotmail.com","Liberia"
211,"robert brown","robertbrown@example.com","Liberia"
212,"emily davis","emilydavis@example.com","Liberia"
213,"michael johnson","michael@example.com","Liberia"
214,"sarah lee","sarahlee@example.com","Liberia"
215,"david wilson","davidwilson@example.com","Liberia"
216,"laura martinez","lauramartinez@example.com","Liberia"
217,"linda anderson","lindaanderson@example.com","Liberia"
218,"petro thomas","danielthomas@example.com","Liberia"
219,"lisa jackson","lisajackson@example.com","Liberia"
220,"karen harris","karenharris@example.com","Liberia"
221,"jose peralta","jose@example.com","Liberia"
222,"mateo lee","teresita@example.com","Liberia"
223,"luis ling","luis@example.com","Liberia"
224,"haland quispe","haland@example.com","Liberia"
225,"messi nieto","juancito@example.com","Liberia"
226,"ronaldo damasco","damasco@example.com","Liberia"
227,"mathias quiñones","mathias@example.com","Liberia"
228,"andres doe","andres@example.com","Liberia"
229,"juan valdivia","carlos@example.com","Liberia"
230,"carlos pèrez","carlos.perez@email.com","Peru"
231,"èchuin peres","ana.lopez@email.com","Peru"
232,"josè fernández","èiwisner@gmail.com","Peru"
233,"maría garcía","maria.garcia@email.com","Peru"
234,"juan morales","juan.morales@email.com","Peru"
235,"èjuan ramon","èifara@gmail.com","Peru"
236,"luis mendoza","luis.mendoza@email.com","Peru"
237,"gabriela torres","gabriela.torres@email.com","Peru"
238,"pedro castillo","pedro.castillo@email.com","Peru"
239,"valeria ramírez","valeria.ramirez@email.com","Peru"
240,"alejandro salazar","alejandro.salazar@email.com","Peru"
241,"lucía herrera","lucia.herrera@email.com","Peru"
242,"jorge campos","jorge.campos@email.com","Peru"
243,"èèperes robles","monica.espinoza@email.com","Peru"
244,"diego paredes","diego.paredes@email.com","Peru"
245,"paola sánchez","paola.sanchez@email.com","Peru"
246,"èkines jesus","ricardo.gomez@email.com","Peru"
247,"carmen cárdenas","carmen.cardenas@email.com","Peru"
248,"andrès núñez","andres.nunez@email.com","Peru"
249,"fabiola benavides","fabiola.benavides@email.com","Peru"
250,"javier villegas","javier.villegas@email.com","Peru"
251,"laura pacheco","laura.pacheco@email.com","Peru"
252,"roberto quiñones","roberto.quinones@email.com","Peru"
253,"daniela castañeda","daniela.castaneda@email.com","Peru"
254,"ernesto guevara","è³rissel@gmail.com","Peru"
255,"sofía rojas","sofía.rojas@email.com","Peru"
256,"miguel rojas","miguel.rojas@email.com","Peru"
257,"miguel mendoza","miguel.mendoza@email.com","Peru"
258,"carla ortega","carla.ortega@email.com","Peru"
259,"daniela vargas","daniela.vargas@email.com","Peru"
260,"daniela gómez","daniela.gómez@email.com","Peru"
261,"daniela ramírez","daniela.ramírez@email.com","Peru"
262,"è³kin piu","roberto.ortega@email.com","Peru"
263,"èikuin raya","è±josesernaque@gmail.com","Peru"
264,"carla rojas","carla.rojas@email.com","Peru"
265,"elena ramírez","elena.ramírez@email.com","Peru"
266,"luis cruz","luis.cruz@email.com","Peru"
267,"miguel ortega","miguel.ortega@email.com","Peru"
268,"pedro gómez","pedro.gómez@email.com","Peru"
269,"miguel vargas","miguel.vargas@email.com","Peru"
270,"miguel gómez","miguel.gómez@email.com","Peru"
271,"lucía rojas","lucía.rojas@email.com","Peru"
272,"sofía reyes","sofía.reyes@email.com","Peru"
273,"èjuana perez","èyunn@gmail.com","Peru"
274,"sofía gómez","sofía.gómez@email.com","Peru"
275,"fernando rojas","fernando.rojas@email.com","Peru"
276,"roberto mendoza","èiivan@gmail.com","Peru"
277,"lucía torres","lucía.torres@email.com","Peru"
278,"fernando reyes","fernando.reyes@email.com","Peru"
279,"daniela vargas","èiwisnerr@gmail.com","Peru"
280,"èalan perez","luis.cruz@email.com","Peru"
281,"lucía luna","lucía.luna@email.com","Peru"
282,"sofía ramírez","sofía.ramírez@email.com","Peru"
283,"pedro reyes","pedro.reyes@email.com","Peru"
284,"luis vargas","luis.vargas@email.com","Peru"
285,"èèpie robles","elena.reyes@email.com","Peru"
286,"luis reyes","luis.reyes@email.com","Peru"
287,"roberto mendoza","roberto.mendoza@email.com","Peru"
288,"fernando luna","fernando.luna@email.com","Peru"
289,"daniela torres","daniela.torres@email.com","Peru"
290,"sofía torres","sofía.torres@email.com","Peru"
291,"elena cruz","è³tenkui@gmail.com","Peru"
292,"sofía mendoza","è±jose@gmail.com","Peru"
293,"luis ortega","è³kines@gmail.com","Peru"
294,"luis torres","luis.torres@email.com","Peru"
295,"èèjuan perez","miguel.gómez@email.com","Peru"
296,"fernando mendoza","fernando.mendoza@email.com","Peru"
297,"elena ortega","elena.ortega@email.com","Peru"
298,"daniela rojas","daniela.rojas@email.com","Peru"
